{"cameraMode":{"drawMode":0,"name":"Shaded","section":"Shading Mode"},"sceneLighting":false,"audioPlay":false,"sceneViewState":{"showFog":true,"showMaterialUpdate":true,"showSkybox":false,"showFlares":true,"showImageEffects":true,"showParticleSystems":true},"in2DMode":false,"pivot":{"x":-34.766273498535159,"y":7.244450569152832,"z":221.92633056640626},"rotation":{"x":-0.0898914784193039,"y":0.9047752022743225,"z":-0.3414883613586426,"w":-0.238160640001297},"size":1.2465308904647828,"orthographic":false}