{"cameraMode":{"drawMode":0,"name":"Shaded","section":"Shading Mode"},"sceneLighting":false,"audioPlay":false,"sceneViewState":{"showFog":true,"showMaterialUpdate":true,"showSkybox":false,"showFlares":true,"showImageEffects":true,"showParticleSystems":true},"in2DMode":false,"pivot":{"x":-38.349998474121097,"y":4.650000095367432,"z":218.8000030517578},"rotation":{"x":0.024258751422166826,"y":0.9284687042236328,"z":-0.36547011137008669,"w":0.061646170914173129},"size":1.2247449159622193,"orthographic":false}