{"cameraMode":{"drawMode":0,"name":"Shaded","section":"Shading Mode"},"sceneLighting":false,"audioPlay":false,"sceneViewState":{"showFog":true,"showMaterialUpdate":true,"showSkybox":false,"showFlares":true,"showImageEffects":true,"showParticleSystems":true},"in2DMode":false,"pivot":{"x":0.022006750106811525,"y":-0.015997974202036859,"z":0.6911461353302002},"rotation":{"x":-0.0035941728856414558,"y":-0.9634772539138794,"z":0.013013161718845368,"w":-0.2675727903842926},"size":0.7537797689437866,"orthographic":false}