{"cameraMode":{"drawMode":0,"name":"Shaded","section":"Shading Mode"},"sceneLighting":false,"audioPlay":false,"sceneViewState":{"showFog":true,"showMaterialUpdate":true,"showSkybox":false,"showFlares":true,"showImageEffects":true,"showParticleSystems":true},"in2DMode":false,"pivot":{"x":0.7197728157043457,"y":3.9457814693450929,"z":0.1656343936920166},"rotation":{"x":0.023203374817967416,"y":-0.9417319297790527,"z":0.32921653985977175,"w":0.06622729450464249},"size":17.225727081298829,"orthographic":false}