{"cameraMode":{"drawMode":0,"name":"Shaded","section":"Shading Mode"},"sceneLighting":false,"audioPlay":false,"sceneViewState":{"showFog":true,"showMaterialUpdate":true,"showSkybox":false,"showFlares":true,"showImageEffects":true,"showParticleSystems":true},"in2DMode":false,"pivot":{"x":-61.05519104003906,"y":4.097630500793457,"z":245.3968505859375},"rotation":{"x":0.23418109118938447,"y":-0.5940261483192444,"z":0.18629416823387147,"w":0.7467203140258789},"size":0.8660253882408142,"orthographic":false}