{"cameraMode":{"drawMode":0,"name":"Shaded","section":"Shading Mode"},"sceneLighting":true,"audioPlay":false,"sceneViewState":{"showFog":true,"showMaterialUpdate":true,"showSkybox":true,"showFlares":true,"showImageEffects":true,"showParticleSystems":true},"in2DMode":false,"pivot":{"x":-39.8523063659668,"y":-0.721595287322998,"z":219.90359497070313},"rotation":{"x":-0.07105813175439835,"y":0.928146481513977,"z":-0.2374868094921112,"w":-0.2776811420917511},"size":8.749722480773926,"orthographic":false}