{"cameraMode":{"drawMode":0,"name":"Shaded","section":"Shading Mode"},"sceneLighting":false,"audioPlay":false,"sceneViewState":{"showFog":true,"showMaterialUpdate":true,"showSkybox":false,"showFlares":true,"showImageEffects":true,"showParticleSystems":true},"in2DMode":false,"pivot":{"x":-38.15442657470703,"y":5.561958312988281,"z":218.5401611328125},"rotation":{"x":0.18586908280849458,"y":-0.7584101557731628,"z":0.2453652024269104,"w":0.5745105147361755},"size":1.4289418458938599,"orthographic":false}