{"cameraMode":{"drawMode":0,"name":"Shaded","section":"Shading Mode"},"sceneLighting":false,"audioPlay":false,"sceneViewState":{"showFog":true,"showMaterialUpdate":true,"showSkybox":false,"showFlares":true,"showImageEffects":true,"showParticleSystems":true},"in2DMode":false,"pivot":{"x":-61.05519104003906,"y":4.097630500793457,"z":245.3968505859375},"rotation":{"x":-0.0898914784193039,"y":0.9047752022743225,"z":-0.3414883613586426,"w":-0.238160640001297},"size":8.66025447845459,"orthographic":false}