{"cameraMode":{"drawMode":0,"name":"Shaded","section":"Shading Mode"},"sceneLighting":false,"audioPlay":false,"sceneViewState":{"showFog":true,"showMaterialUpdate":true,"showSkybox":false,"showFlares":true,"showImageEffects":true,"showParticleSystems":true},"in2DMode":false,"pivot":{"x":0.6947072744369507,"y":-0.15961971879005433,"z":-0.9433073401451111},"rotation":{"x":0.08213025331497193,"y":0.7191352248191834,"z":-0.08627355098724365,"w":0.6845924258232117},"size":1.8519701957702637,"orthographic":false}