{"cameraMode":{"drawMode":0,"name":"Shaded","section":"Shading Mode"},"sceneLighting":false,"audioPlay":false,"sceneViewState":{"showFog":true,"showMaterialUpdate":true,"showSkybox":false,"showFlares":true,"showImageEffects":true,"showParticleSystems":true},"in2DMode":false,"pivot":{"x":0.03343188762664795,"y":-16.053956985473634,"z":-3.4000015258789064},"rotation":{"x":0.046847496181726459,"y":0.8096314668655396,"z":-0.06523313373327255,"w":0.5814265012741089},"size":9.459300994873047,"orthographic":false}