{"cameraMode":{"drawMode":0,"name":"Shaded","section":"Shading Mode"},"sceneLighting":false,"audioPlay":false,"sceneViewState":{"showFog":true,"showMaterialUpdate":true,"showSkybox":false,"showFlares":true,"showImageEffects":true,"showParticleSystems":true},"in2DMode":false,"pivot":{"x":-61.05519104003906,"y":4.097630500793457,"z":245.3968505859375},"rotation":{"x":0.19455181062221528,"y":-0.030892016366124154,"z":0.006129811983555555,"w":0.9803887605667114},"size":0.8660253882408142,"orthographic":false}