{"cameraMode":{"drawMode":0,"name":"Shaded","section":"Shading Mode"},"sceneLighting":true,"audioPlay":false,"sceneViewState":{"showFog":true,"showMaterialUpdate":true,"showSkybox":true,"showFlares":true,"showImageEffects":true,"showParticleSystems":true},"in2DMode":false,"pivot":{"x":-44.71384048461914,"y":8.762449264526368,"z":216.96685791015626},"rotation":{"x":0.2732976973056793,"y":-0.19566571712493897,"z":0.05685628578066826,"w":0.9401415586471558},"size":50.64889907836914,"orthographic":false}