{"cameraMode":{"drawMode":0,"name":"Shaded","section":"Shading Mode"},"sceneLighting":false,"audioPlay":false,"sceneViewState":{"showFog":true,"showMaterialUpdate":true,"showSkybox":false,"showFlares":true,"showImageEffects":true,"showParticleSystems":true},"in2DMode":false,"pivot":{"x":0.3324894905090332,"y":3.7221059799194338,"z":-0.40507376194000246},"rotation":{"x":0.023203374817967416,"y":-0.9417319297790527,"z":0.32921653985977175,"w":0.06622729450464249},"size":14.130016326904297,"orthographic":false}