{"cameraMode":{"drawMode":0,"name":"Shaded","section":"Shading Mode"},"sceneLighting":false,"audioPlay":false,"sceneViewState":{"showFog":true,"showMaterialUpdate":true,"showSkybox":false,"showFlares":true,"showImageEffects":true,"showParticleSystems":true},"in2DMode":false,"pivot":{"x":-38.15442657470703,"y":5.561958312988281,"z":217.0659942626953},"rotation":{"x":0.24674874544143678,"y":-0.46458932757377627,"z":0.13656647503376008,"w":0.8394198417663574},"size":0.8660253882408142,"orthographic":false}