{"cameraMode":{"drawMode":0,"name":"Shaded","section":"Shading Mode"},"sceneLighting":false,"audioPlay":false,"sceneViewState":{"showFog":true,"showMaterialUpdate":true,"showSkybox":false,"showFlares":true,"showImageEffects":true,"showParticleSystems":true},"in2DMode":false,"pivot":{"x":0.13513979315757752,"y":0.8006511926651001,"z":-0.3076815605163574},"rotation":{"x":-0.03882444277405739,"y":0.5045912861824036,"z":0.02272237092256546,"w":0.8621879816055298},"size":0.7951168417930603,"orthographic":false}