{"cameraMode":{"drawMode":0,"name":"Shaded","section":"Shading Mode"},"sceneLighting":false,"audioPlay":false,"sceneViewState":{"showFog":true,"showMaterialUpdate":true,"showSkybox":false,"showFlares":true,"showImageEffects":true,"showParticleSystems":true},"in2DMode":false,"pivot":{"x":0.022001713514328004,"y":0.013505876064300537,"z":0.7342197895050049},"rotation":{"x":-0.13485117256641389,"y":-0.7138044238090515,"z":0.14322108030319215,"w":-0.6722027659416199},"size":0.7593418955802918,"orthographic":false}