{"cameraMode":{"drawMode":0,"name":"Shaded","section":"Shading Mode"},"sceneLighting":false,"audioPlay":false,"sceneViewState":{"showFog":true,"showMaterialUpdate":true,"showSkybox":false,"showFlares":true,"showImageEffects":true,"showParticleSystems":true},"in2DMode":false,"pivot":{"x":-60.915557861328128,"y":4.198822975158691,"z":245.27122497558595},"rotation":{"x":-0.15105940401554109,"y":0.41605159640312197,"z":-0.07030294090509415,"w":-0.8939486145973206},"size":1.4660253524780274,"orthographic":false}